{"Labels": {"_type": "images/separated", "width": 1600, "height": 1600, "format": "jpg", "count": 2, "filenames": ["media/images/Labels_0_7b7bbe6d6ad3ad4e2a51.jpg", "media/images/Labels_0_dc702dc1a9f49492fdb7.jpg"], "captions": ["labels.jpg", "labels_correlogram.jpg"]}, "_timestamp": 1712803202.2563796, "Mosaics": {"_type": "images/separated", "width": 1280, "height": 1280, "format": "jpg", "count": 3, "filenames": ["media/images/Mosaics_0_48278ab5587e817d7f89.jpg", "media/images/Mosaics_0_a46177c02731e285c55f.jpg", "media/images/Mosaics_0_7048b5fcc2452409d640.jpg"], "captions": ["train_batch0.jpg", "train_batch1.jpg", "train_batch2.jpg"]}, "train/box_loss": 0.017430104315280914, "train/obj_loss": 0.005827148444950581, "train/cls_loss": 0.0, "metrics/precision": 0.9455121927952599, "metrics/recall": 0.9486356340288925, "metrics/mAP_0.5": 0.9768900805513517, "metrics/mAP_0.5:0.95": 0.8610580168327484, "val/box_loss": 0.012109598144888878, "val/obj_loss": 0.003055692184716463, "val/cls_loss": 0.0, "x/lr0": 3.7999999999999995e-05, "x/lr1": 3.7999999999999995e-05, "x/lr2": 0.096238, "_runtime": 151.50020956993103, "_step": 0, "_wandb": {"runtime": 157}}