{"Labels": {"_type": "images/separated", "width": 1600, "height": 1600, "format": "jpg", "count": 2, "filenames": ["media/images/Labels_0_ef0dac86a8cda8f2dcbc.jpg", "media/images/Labels_0_a9f285194a601dcc1529.jpg"], "captions": ["labels.jpg", "labels_correlogram.jpg"]}, "_timestamp": 1712802705.542843, "Mosaics": {"_type": "images/separated", "width": 1280, "height": 1280, "format": "jpg", "count": 3, "filenames": ["media/images/Mosaics_0_a2dca698d1e3c180b3af.jpg", "media/images/Mosaics_0_8f13a5d3bba7eb9fb38e.jpg", "media/images/Mosaics_0_4b69b9bea988ba2115e6.jpg"], "captions": ["train_batch0.jpg", "train_batch1.jpg", "train_batch2.jpg"]}, "train/box_loss": 0.10606692731380463, "train/obj_loss": 0.022527048364281654, "train/cls_loss": 0.0, "metrics/precision": 1.0700909577314071e-05, "metrics/recall": 0.003205128205128205, "metrics/mAP_0.5": 1.8207157499228076e-07, "metrics/mAP_0.5:0.95": 1.8207157499228076e-08, "val/box_loss": 0.07576114684343338, "val/obj_loss": 0.01952117308974266, "val/cls_loss": 0.0, "x/lr0": 3.7999999999999995e-05, "x/lr1": 3.7999999999999995e-05, "x/lr2": 0.096238, "_runtime": 156.2901270389557, "_step": 0, "_wandb": {"runtime": 170}}