{"Labels": {"_type": "images/separated", "width": 1600, "height": 1600, "format": "jpg", "count": 2, "filenames": ["media/images/Labels_0_7b7bbe6d6ad3ad4e2a51.jpg", "media/images/Labels_0_dc702dc1a9f49492fdb7.jpg"], "captions": ["labels.jpg", "labels_correlogram.jpg"]}, "_timestamp": 1712803455.7810407, "Mosaics": {"_type": "images/separated", "width": 1280, "height": 1280, "format": "jpg", "count": 3, "filenames": ["media/images/Mosaics_0_48278ab5587e817d7f89.jpg", "media/images/Mosaics_0_a46177c02731e285c55f.jpg", "media/images/Mosaics_0_7048b5fcc2452409d640.jpg"], "captions": ["train_batch0.jpg", "train_batch1.jpg", "train_batch2.jpg"]}, "train/box_loss": 0.017368687316775322, "train/obj_loss": 0.005321062169969082, "train/cls_loss": 0.0, "metrics/precision": 0.957643316499298, "metrics/recall": 0.9454253611556982, "metrics/mAP_0.5": 0.9779436271051523, "metrics/mAP_0.5:0.95": 0.8637737275238436, "val/box_loss": 0.01168917678296566, "val/obj_loss": 0.0030053327791392803, "val/cls_loss": 0.0, "x/lr0": 7.662080089033025e-05, "x/lr1": 7.662080089033025e-05, "x/lr2": 0.09237662080089033, "_runtime": 220.2861065864563, "_step": 1, "_wandb": {"runtime": 222}}